#s_bin	th_bin	PXi	PXiErr	PXiSys	PLd	PLdErr	PLdSys
-1	-1	-0.184114	0.0245531	0	-0.289543	0.0161826	0
0	0	-0.320296	0.248336	0	-0.17365	0.152578	0
0	1	-0.766328	0.183273	0	-0.479376	0.142263	0
0	2	-0.839952	0.179205	0	-0.423833	0.115311	0
1	0	-0.29379	0.0695188	0	-0.320302	0.047554	0
1	1	-0.583649	0.0531334	0	-0.252363	0.0484693	0
1	2	-0.629129	0.0664556	0	-0.283135	0.0485072	0
2	0	-0.00196431	0.0499834	0	-0.277836	0.0409705	0
2	1	-0.16831	0.0402209	0	-0.339207	0.0278501	0
2	2	-0.282876	0.0982564	0	-0.27513	0.0442801	0
3	0	0.0460938	0.0982325	0	-0.281423	0.0531448	0
3	1	0.0920297	0.133061	0	-0.200726	0.0738082	0
3	2	0.420797	0.169153	0	-0.34732	0.0746876	0
4	0	-0.588683	0.328565	0	0.157463	0.283698	0
4	1	0.0849501	0.276139	0	-0.607931	0.132248	0
4	2	-0.288355	0.578997	0	-0.445044	0.204327	0
