#sqrts	#cth	#Xsection	#XsectionErr	#cthe_L	#cthe_R
2.109	-0.95	65.4135	7.0725	0.0500	0.0500
2.109	-0.85	42.1675	4.813	0.0500	0.0500
2.109	-0.75	30.2	3.6638	0.0500	0.0500
2.109	-0.65	22.6881	3.0652	0.0500	0.0500
2.109	-0.55	16.7014	2.7447	0.0500	0.0500
2.109	-0.45	11.4978	2.321	0.0500	0.0500
2.109	-0.35	7.3161	2.0795	0.0500	0.0500
2.109	-0.25	4.5903	2.0943	0.0500	0.0500
2.109	-0.15	3.5157	2.0538	0.0500	0.0500
2.109	-0.05	3.8926	1.9253	0.0500	0.0500
2.109	0.05	5.1751	1.9504	0.0500	0.0500
2.109	0.15	6.6524	2.1176	0.0500	0.0500
2.109	0.25	7.6901	2.1688	0.0500	0.0500
2.109	0.35	7.959	2.0991	0.0500	0.0500
2.109	0.45	7.5778	2.1824	0.0500	0.0500
2.109	0.55	7.0979	2.372	0.0500	0.0500
2.109	0.65	7.258	2.3536	0.0500	0.0500
2.109	0.75	8.4337	2.5312	0.0500	0.0500
2.109	0.85	9.7129	3.0193	0.0500	0.0500
2.109	0.95	7.5204	3.8456	0.0500	0.0500
2.274	-0.95	36.9753	3.9463	0.0500	0.0500
2.274	-0.85	24.9706	2.645	0.0500	0.0500
2.274	-0.75	17.9297	2.1221	0.0500	0.0500
2.274	-0.65	13.5992	1.7008	0.0500	0.0500
2.274	-0.55	10.6059	1.5156	0.0500	0.0500
2.274	-0.45	8.2217	1.4188	0.0500	0.0500
2.274	-0.35	6.16	1.2628	0.0500	0.0500
2.274	-0.25	4.4035	1.1091	0.0500	0.0500
2.274	-0.15	3.0643	1.0706	0.0500	0.0500
2.274	-0.05	2.2742	1.1068	0.0500	0.0500
2.274	0.05	2.1081	1.1043	0.0500	0.0500
2.274	0.15	2.5373	1.06	0.0500	0.0500
2.274	0.25	3.4159	1.0823	0.0500	0.0500
2.274	0.35	4.4977	1.2083	0.0500	0.0500
2.274	0.45	5.4846	1.3144	0.0500	0.0500
2.274	0.55	6.1076	1.3135	0.0500	0.0500
2.274	0.65	6.238	1.335	0.0500	0.0500
2.274	0.75	6.0308	1.528	0.0500	0.0500
2.274	0.85	6.1	1.5927	0.0500	0.0500
2.274	0.95	7.7246	2.3726	0.0500	0.0500
2.419	-0.95	29.1855	5.8001	0.0500	0.0500
2.419	-0.85	26.3822	5.0615	0.0500	0.0500
2.419	-0.75	13.0536	3.053	0.0500	0.0500
2.419	-0.65	4.5788	2.3657	0.0500	0.0500
2.419	-0.55	2.8417	2.0705	0.0500	0.0500
2.419	-0.45	4.7542	2.1084	0.0500	0.0500
2.419	-0.35	6.891	2.3349	0.0500	0.0500
2.419	-0.25	7.413	2.2959	0.0500	0.0500
2.419	-0.15	6.2786	2.1462	0.0500	0.0500
2.419	-0.05	4.5556	2.1108	0.0500	0.0500
2.419	0.05	3.4676	2.0575	0.0500	0.0500
2.419	0.15	3.6245	1.9843	0.0500	0.0500
2.419	0.25	4.7058	2.1063	0.0500	0.0500
2.419	0.35	5.6816	2.2505	0.0500	0.0500
2.419	0.45	5.4767	2.1525	0.0500	0.0500
2.419	0.55	3.7978	2.1092	0.0500	0.0500
2.419	0.65	1.6645	2.2657	0.0500	0.0500
2.419	0.75	0.9995	2.2385	0.0500	0.0500
2.419	0.85	2.4558	2.8395	0.0500	0.0500
2.419	0.95	0.4706	3.4603	0.0500	0.0500
2.483	-0.95	31.609	3.4256	0.0500	0.0500
2.483	-0.85	12.4745	1.6249	0.0500	0.0500
2.483	-0.75	7.7065	1.1404	0.0500	0.0500
2.483	-0.65	6.4203	1.0778	0.0500	0.0500
2.483	-0.55	5.0384	0.9208	0.0500	0.0500
2.483	-0.45	3.3045	0.8117	0.0500	0.0500
2.483	-0.35	1.9398	0.7985	0.0500	0.0500
2.483	-0.25	1.4858	0.7513	0.0500	0.0500
2.483	-0.15	1.9372	0.7364	0.0500	0.0500
2.483	-0.05	2.8403	0.7999	0.0500	0.0500
2.483	0.05	3.594	0.8301	0.0500	0.0500
2.483	0.15	3.7602	0.8049	0.0500	0.0500
2.483	0.25	3.2525	0.8059	0.0500	0.0500
2.483	0.35	2.3421	0.8094	0.0500	0.0500
2.483	0.45	1.4838	0.7551	0.0500	0.0500
2.483	0.55	1.0297	0.7749	0.0500	0.0500
2.483	0.65	0.9682	0.8672	0.0500	0.0500
2.483	0.75	0.8878	0.8394	0.0500	0.0500
2.483	0.85	0.4338	1.0295	0.0500	0.0500
2.483	0.95	0.5913	1.2564	0.0500	0.0500
