-0.9600814663951119, 65.0507383879218
-0.963284576930198, 73.29428264994637
-0.8539159414923164, 42.487772107440435
-0.8589335308276248, 48.76071045529011
-0.7548416959822258, 31.51838014308107
-0.7566561747824476, 36.76735771447428
-0.657378263284577, 20.337784482657003
-0.6560266617293096, 24.638231169045458
-0.5531938529901874, 19.25347979303922
-0.5531938529901874, 23.334236920574682
-0.45671172005184235, 7.658019729630977
-0.45671172005184235, 10.332952255235888
-0.3520274023329013, 12.676936132096587
-0.355582299574153, 16.32868575200065
-0.25391594149231655, 2.8012775937864607
-0.25391594149231655, 4.049642297311628
-0.148565080540641, 4.239159899583954
-0.1583780781336791, 6.373825827666265
-0.05856322903166089, 2.393956179947433
-0.061636733938159605, 3.750751352434379
0.04726902425476753, 6.629344584958803
0.04726902425476753, 8.934670642450522
0.14489909276059976, 6.45302721369052
0.14489909276059976, 8.400061286786798
0.24030735049064944, 8.037054934175627
0.24030735049064944, 10.791188845804793
0.3412145898907606, 10.605442738105051
0.3412145898907606, 13.753697832569202
0.4419922236622842, 8.400061286786798
0.4419922236622842, 11.3644560208375
0.5468802073690053, 4.472049689440991
0.5468802073690053, 6.25785236955932
0.6409924088131822, 9.61071104458613
0.6409924088131822, 12.833453156858807
0.7443436400666543, 6.561457682652298
0.7407146824662092, 9.441936662463014
0.8412701351601553, 14.454252949426603
0.8412701351601553, 18.280434193312654
0.9435474912053317, 5.8043301472061435
0.9408257730049985, 8.688580621589443
