Experiment	pK_lab_GeV_c	dsigma_dOmega_ub_sr	dsigma_dOmega_err_ub_sr
J-PARC_E05	1.800	53.7	3.6
T_Iijima_1992	1.649	35.0	4.0
JP_Berge_1966	1.209	3.58	0.68
JP_Berge_1966	1.320	7.50	0.91
JP_Berge_1966	1.420	43.38	5.64
JP_Berge_1966	1.509	32.91	1.99
JP_Berge_1966	1.599	30.74	4.29
JP_Berge_1966	1.699	32.50	3.58
G_Burgun_1968	1.269	18.85	2.97
G_Burgun_1968	1.320	32.13	4.97
G_Burgun_1968	1.379	24.90	3.28
G_Burgun_1968	1.430	20.64	2.74
G_Burgun_1968	1.460	35.47	3.24
G_Burgun_1968	1.520	42.74	4.76
G_Burgun_1968	1.549	39.76	3.68
G_Burgun_1968	1.609	47.06	4.97
G_Burgun_1968	1.660	47.57	3.78
G_Burgun_1968	1.702	32.90	4.39
G_Burgun_1968	1.739	54.83	5.91
G_Burgun_1968	1.824	66.42	9.93
G_Burgun_1968	1.849	32.13	5.24
PM_Dauber_1969	1.699	51.63	9.46
PM_Dauber_1969	2.099	39.38	5.44
PM_Dauber_1969	2.459	10.53	5.47
PM_Dauber_1969	2.638	3.11	1.55
