hypothesis	chi2	npar	ndof	BIC	Sigma2030.scale	Sigma2030.mass_GeV	Sigma2030.width_GeV	Lambda2100.scale	Lambda2100.mass_GeV	Lambda2100.width_GeV	Sigma2250.scale	Sigma2250.mass_GeV	Sigma2250.width_GeV	Sigma2230.scale	Sigma2230.mass_GeV	Sigma2230.width_GeV
S2250 7/2-, S2230 off	12.1199580	9	6	36.4924098	0.246365597	2.025	0.2	1.11546159	2.09	0.141813989	0.436008782	2.28	0.15			
S2250 5/2-, S2230 off	12.2664805	9	6	36.6389323	0.246018655	2.025	0.2	1.11666036	2.09	0.141927100	-0.025297473	2.28	0.06			
S2250 3/2-, S2230 off	12.3495033	9	6	36.7219551	0.288414445	2.04	0.2	1.12966722	2.09	0.134275210	1.88004755	2.21	0.15			
S2250 5/2+, S2230 off	12.3584065	9	6	36.7308583	0.246337719	2.025	0.2	1.11747824	2.09	0.142025934	-0.372166891	2.28	0.06			
S2250 5/2-, S2230 on	6.82516652	12	3	39.3217689	0.312968080	2.025	0.165158411	1.35108095	2.09	0.196271795	-0.252345966	2.22617162	0.06	-3	2.213	0.357623997
S2250 7/2+, S2230 on	7.46605501	12	3	39.9626574	0.308062020	2.025	0.2	1.18398607	2.09	0.150866998	1.40350576	2.28	0.06	-3	2.25474944	0.295
S2250 3/2+, S2230 on	7.62251743	12	3	40.1191198	0.279150261	2.025	0.15	1.31478530	2.09	0.204581574	0.376217277	2.23682995	0.06	-3	2.213	0.295
S2250 7/2-, S2230 on	8.34406464	12	3	40.8406671	0.327504501	2.025	0.197537882	1.24683363	2.09	0.170701947	1.24690125	2.21	0.06	-1.07079799	2.213	0.346078930
S2250 3/2+, S2230 off	16.7243960	9	6	41.0968478	-0.650020085	2.04	0.2	3	2.09	0.187665033	0.093302751	2.24562401	0.06			
S2250 7/2+, S2230 off	18.5944619	9	6	42.9669137	1.13554526	2.025	0.15	-3	2.09778118	0.1	-0.043455662	2.28	0.06			
S2250 5/2+, S2230 on	10.6505057	12	3	43.1471081	0.295673822	2.025	0.2	1.19433215	2.09	0.155369407	-1.68377966	2.21	0.119169293	-0.741300252	2.213	0.354705680
S2250 3/2-, S2230 on	11.2477458	12	3	43.7443482	0.292564518	2.025	0.2	1.19179548	2.09	0.154951041	3	2.23047968	0.15	-0.527101846	2.213	0.317057978
