hypothesis	chi2_total	chi2_polarization	chi2_forward_cross_section	N_polarization	N_forward_cross_section	ndof	chi2_per_ndof	npar	BIC	minuit_status	scale_at_boundary	Sigma2030.scale	Sigma2030.scale_error	Sigma2030.mass_GeV	Sigma2030.mass_GeV_error	Sigma2030.width_GeV	Sigma2030.width_GeV_error	Lambda2100.scale	Lambda2100.scale_error	Lambda2100.mass_GeV	Lambda2100.mass_GeV_error	Lambda2100.width_GeV	Lambda2100.width_GeV_error	Sigma2250.scale	Sigma2250.scale_error	Sigma2250.mass_GeV	Sigma2250.mass_GeV_error	Sigma2250.width_GeV	Sigma2250.width_GeV_error	Sigma2230.scale	Sigma2230.scale_error	Sigma2230.mass_GeV	Sigma2230.mass_GeV_error	Sigma2230.width_GeV	Sigma2230.width_GeV_error
S2250 3/2+, S2230 off	2330.322511	45.29474664	2285.027765	15	25	31	75.17169391	9	2363.522426	3	0	1.036253074	0.03492450199	2.027214484	0.003227688538	0.15	0.002391858033	-0.2161067254	0.04108241675	2.10175076	0.004312116797	0.1	0.01099890038	-0.5080652106	0.04214865384	2.216100758	0.004688679096	0.15	0.009953552633						
S2250 5/2+, S2230 on	2321.685757	38.91825904	2282.767498	15	25	28	82.91734847	12	2365.952311	1	0	1.017426668	0.02618969566	2.025000005	0.00213427059	0.1500000078	0.001637210814	-0.2606040054	0.04999133751	2.101941015	0.004033863802	0.1000000041	0.00691039864	-0.7108302182	0.3368405681	2.23444392	0.009633917391	0.06000044857	0.08382799769	-2.648217592	0.3646198179	2.218064135	0.008464398172	0.2950008411	0.09549809261
S2250 3/2-, S2230 on	2322.380964	38.89982956	2283.481135	15	25	28	82.94217729	12	2366.647518	1	1	1.094459496	0.02050819301	2.025	0.002897231191	0.1500000148	0.002000508238	-0.3590597925	0.03058172829	2.101742595	0.003191657475	0.1000000031	0.009943369756	-2.999982217	3.798811189	2.221530037	0.009801334321	0.1061251167	0.02615765342	2.999992929	1.115795442	2.213000003	0.03389368374	0.3781264162	0.09127422685
S2250 3/2-, S2230 off	2334.70604	47.74775501	2286.958285	15	25	31	75.31309805	9	2367.905955	3	0	1.052499947	0.02188033573	2.025	0.002883343319	0.15	0.002218751422	-0.373415126	0.04434529158	2.102198476	0.003718601304	0.1012874441	0.09798025863	-1.811223031	0.1281668623	2.28	0.008096587131	0.06	0.009600923511						
S2250 5/2-, S2230 on	2323.654903	41.11830415	2282.536599	15	25	28	82.98767511	12	2367.921456	3	1	1.032512306	0.02231223445	2.025	0.01156298274	0.15	0.002144853572	-0.2572896371	0.04054121077	2.10206629	0.003992968759	0.1000000001	0.01391004639	-0.04112832521	0.02583018641	2.21	0.007579320754	0.06000000033	0.06186105943	-3	0.1219190712	2.229702944	0.009109068522	0.295	0.01409440556
S2250 7/2+, S2230 on	2323.721126	41.33101834	2282.390108	15	25	28	82.99004022	12	2367.98768	3	1	1.031262832	0.02239320895	2.025	0.0113325886	0.15	0.002104473232	-0.247458826	0.03843795954	2.101967778	0.004078983626	0.1	0.01129996163	0.02811642181	0.01821380503	2.21	0.01023460744	0.06000000137	0.08964395019	-2.999999994	0.158822916	2.227946708	0.008261889875	0.295	0.01770202604
S2250 3/2+, S2230 on	2324.902986	43.71189977	2281.191087	15	25	28	83.03224951	12	2369.16954	1	0	1.021361278	0.02245343508	2.025000294	0.009783204026	0.150000061	0.001883398317	-0.2145663142	0.0446046448	2.103277926	0.00412437751	0.100000013	0.01123521587	-0.06879569769	0.06128445095	2.279956283	0.04664969054	0.108618457	0.05931835209	-2.634079515	0.4235277127	2.213000574	0.009719388808	0.2950028472	0.07160559614
S2250 5/2-, S2230 off	2339.283476	49.65041885	2289.633057	15	25	31	75.46075729	9	2372.483391	3	0	1.058970311	0.02215615555	2.025	0.01144198132	0.15	0.002586961394	-0.438649135	0.06172206179	2.099322373	0.004130005645	0.1231342478	0.0188200988	0.1430743736	0.01472938758	2.24564308	0.005757480471	0.06000000001	0.008745503834						
S2250 5/2+, S2230 off	2344.213759	57.21627927	2286.99748	15	25	31	75.61979869	9	2377.413675	3	0	1.0514689	0.02192823614	2.025	0.002402326616	0.15	0.002095601428	-0.3707724359	0.02931671184	2.102319033	0.003082715781	0.1	0.09418904356	1.595281687	0.1123699257	2.28	0.003243338468	0.06	0.004374544105						
S2250 7/2-, S2230 off	2368.299068	71.58295954	2296.716109	15	25	31	76.39674414	9	2401.498984	3	0	1.03953689	0.02303815775	2.025	0.002729232753	0.1500000013	0.004162791965	-0.3857551092	0.03125165137	2.097275022	0.003413633358	0.1000000002	0.004500129182	1.531393318	0.1520934268	2.239622206	0.003867465488	0.06000000001	0.001952282008						
S2250 7/2+, S2230 off	2375.659627	72.32272534	2303.336902	15	25	31	76.63418152	9	2408.859542	3	0	0.9616188721	0.03566281776	2.039163875	0.007960143969	0.15	0.003846466185	0.1037334599	0.03874588769	2.09	0.01543976347	0.2499999998	0.09379992289	0.3114465158	0.01685128465	2.21	0.0009269328874	0.06	0.00465250619						
S2250 7/2-, S2230 on	2397.134597	36.07024207	2361.064355	15	25	28	85.61194989	12	2441.40115	3	1	0.6040062477	0.04084989356	2.04	0.0004626889991	0.2	0.003141008582	1.396365422	0.1565687019	2.09	0.0002508220569	0.2051148089	0.02877952378	3	0.1570618593	2.21	0.002238791369	0.1260503831	0.01646320862	-2.758308639	0.2630106333	2.255078436	0.009508496658	0.2950000018	0.09976641121
