quantity	value	error	lower	upper
hypothesis	S2250 3/2+, S2230 off			
chi2_total	403141.4432			
chi2_polarization	428.2381746			
chi2_forward_cross_section	0			
chi2_differential_cross_section	402713.205			
BIC	403196.6633			
N_total	462			
N_polarization	15			
N_forward_cross_section	0			
N_differential_cross_section	447			
N_parameters	9			
minuit_status	3			
Sigma2030.scale	-0.3345308607	0.002904296139	-3	3
Sigma2030.mass_GeV	2.025	1.001114561e-06	2.025	2.04
Sigma2030.width_GeV	0.2	1.498198266e-05	0.15	0.2
Lambda2100.scale	0.01959076703	0.001350029337	-3	3
Lambda2100.mass_GeV	2.09	1.816247862e-05	2.09	2.11
Lambda2100.width_GeV	0.1	0.0004156662649	0.1	0.25
Sigma2250.scale	0.8276923724	0.001203591579	-3	3
Sigma2250.mass_GeV	2.21	1.798427347e-07	2.21	2.28
Sigma2250.width_GeV	0.06481687105	0.0001779760928	0.06	0.15
