x, y
1.0075669221370658, 50.68095429106259
0.9933772075974674, 60.01470784864286
3.01171831611685, 60.08156170611043
3.009774519604576, 69.71424751208144
5.002263134510717, 56.096116745936236
4.990017216483394, 65.2799266517678
7.01370376541153, 56.863025996599994
6.997959013662113, 66.27413901782131
8.993363323336665, 54.5155005443814
8.996279018105076, 63.55032185357095
11.003248917027657, 49.33814681107099
10.991391758302788, 58.07308081676312
12.99865322670221, 43.55815330544572
12.991169610129957, 52.188986304509775