#sqrts	#cth	#PXi	#PXiErr	#cthe_L	#cthe_R
2.129	-0.95	-0.25	0.16	0.0500	0.0500
2.129	-0.85	-0.55	0.2	0.0500	0.0500
2.129	-0.75	-0.1	0.2	0.0500	0.0500
2.129	-0.65	-0.38	0.25	0.0500	0.0500
2.129	-0.55	-0.65	0.3	0.0500	0.0500
2.129	-0.45	-0.7	0.3	0.0500	0.0500
2.129	-0.35	-0.62	0.4	0.0500	0.0500
2.129	-0.25	0.8	0.55	0.0500	0.0500
2.129	-0.15	0.1	0.6	0.0500	0.0500
2.129	-0.05	-0.05	0.6	0.0500	0.0500
2.129	0.05	-0.68	0.5	0.0500	0.0500
2.129	0.15	-0.62	0.45	0.0500	0.0500
2.129	0.25	-1.25	0.4	0.0500	0.0500
2.129	0.35	-0.8	0.3	0.0500	0.0500
2.129	0.45	-1.1	0.3	0.0500	0.0500
2.129	0.55	-1.05	0.3	0.0500	0.0500
2.129	0.65	-0.85	0.25	0.0500	0.0500
2.129	0.75	-0.45	0.35	0.0500	0.0500
2.129	0.85	-0.22	0.3	0.0500	0.0500
2.129	0.95	-0.4	0.28	0.0500	0.0500
