sqrt_s	cos_theta	measured	error	baseline	constrained_fit
2.025	0.875	-0.812413	0.196333	-0.6908240597505925	-0.5773290286526597
2.075	0.875	-0.529097	0.13674	-0.2979632701696834	-0.6861772367110723
2.125	0.875	-0.243683	0.137439	0.09098707043598404	-0.23223952862233346
2.175	0.875	-0.327023	0.153655	0.3899194986316074	0.1188913312521739
2.25	0.875	-0.088526	0.257202	0.8636296187533257	0.6765419294675612
2.025	0.935	-0.717714	0.104869	-0.48350757254272325	-0.6020116942375212
2.075	0.935	-0.519833	0.069732	0.039095009520305604	-0.5752516180296264
2.125	0.935	-0.211173	0.054323	0.4936679684290929	-0.05216806032691029
2.175	0.935	0.05184	0.064345	0.45023052400162045	0.08830658801800884
2.25	0.935	0.18032	0.107965	0.6115676308546069	0.4274665285931831
2.025	0.985	-0.435673	0.146476	-0.22298578676426808	-0.4615170731882664
2.075	0.985	-0.251565	0.080068	0.2938449489217972	-0.41098447771093416
2.125	0.985	-0.050777	0.061069	0.9374874388549329	0.011987448737380852
2.175	0.985	0.023419	0.070771	0.2859059877348078	0.040593596542470724
2.25	0.985	0.02375	0.117534	0.2798697280403677	0.18340537028503653
