sqrts_low_GeV	sqrts_high_GeV	sqrts_center_GeV	cosTheta_low	cosTheta_high	cosTheta_center	PXi	PXi_plot_err	source
2.000	2.050	2.025	0.850	0.900	0.875	-0.812413	0.196333	E42_filled_points_vector_extraction
2.050	2.100	2.075	0.850	0.900	0.875	-0.529097	0.136740	E42_filled_points_vector_extraction
2.100	2.150	2.125	0.850	0.900	0.875	-0.243683	0.137439	E42_filled_points_vector_extraction
2.150	2.200	2.175	0.850	0.900	0.875	-0.327023	0.153655	E42_filled_points_vector_extraction
2.200	2.300	2.250	0.850	0.900	0.875	-0.088526	0.257202	E42_filled_points_vector_extraction
2.000	2.050	2.025	0.900	0.970	0.935	-0.717714	0.104869	E42_filled_points_vector_extraction
2.050	2.100	2.075	0.900	0.970	0.935	-0.519833	0.069732	E42_filled_points_vector_extraction
2.100	2.150	2.125	0.900	0.970	0.935	-0.211173	0.054323	E42_filled_points_vector_extraction
2.150	2.200	2.175	0.900	0.970	0.935	0.051840	0.064345	E42_filled_points_vector_extraction
2.200	2.300	2.250	0.900	0.970	0.935	0.180320	0.107965	E42_filled_points_vector_extraction
2.000	2.050	2.025	0.970	1.000	0.985	-0.435673	0.146476	E42_filled_points_vector_extraction
2.050	2.100	2.075	0.970	1.000	0.985	-0.251565	0.080068	E42_filled_points_vector_extraction
2.100	2.150	2.125	0.970	1.000	0.985	-0.050777	0.061069	E42_filled_points_vector_extraction
2.150	2.200	2.175	0.970	1.000	0.985	0.023419	0.070771	E42_filled_points_vector_extraction
2.200	2.300	2.250	0.970	1.000	0.985	0.023750	0.117534	E42_filled_points_vector_extraction
